"CODIGOMATERIA","MATERIA","DIFICULTAD"
ACUG1035       ,ACUICULTURA ORNAMENTAL,8.58
ACUG1036       ,ANÁLISIS DE DATOS ACUÍCOLAS,7.87
ACUG1039       ,CULTIVO DE ESPECIES NO TRADICIONALES,8.72
ACUG1040       ,CULTIVO DE PLANCTON,8.28
ACUG1041       ,ECOSISTEMAS ACUÍCOLAS,7.56
ACUG1042       ,FUNDAMENTOS DE INGENIERÍA ACUÍCOLA,8.62
ACUG1043       ,HERRAMIENTAS PARA EL DIAGNÓSTICO DE ENFERMEDADES ACUÍCOLAS,8.06
ACUG1045       ,PRODUCCIÓN ACUÍCOLA II,8.42
ACUG1046       ,PRODUCCIÓN ACUICOLA I,8.61
ACUG1047       ,PISCICULTURA,8.78
ACUG1048       ,SISTEMAS ACUÍCOLAS,8.38
ACUG1049       ,INGENIERÍA PARA LA ACUICULTURA II,6.97
ACUG1050       ,INGENIERÍA PARA LA ACUICULTURA I,7.14
ACUG1051       ,NUTRICIÓN ACUÍCOLA,8.13
ACUG1052       ,MORFOLOGÍA Y FISIOLOGÍA DE ORGANISMOS ACUÍCOLAS,8.46
ACUG1053       ,MANEJO ACUÍCOLA,7.45
ACUG1054       ,INTRODUCCIÓN A LA ACUICULTURA,8.04
ACUG1055       ,PROBLEMAS DE LA ACTUALIDAD ACUÍCOLA,8.44
ACUG1056       ,PATOLOGÍA ACUÍCOLA II,8.01
ACUG1057       ,PATOLOGÍA ACUÍCOLA I,8.11
ACUG1058       ,MATERIA INTEGRADORA DE ACUICULTURA,9.47
ACUG1059       ,BUENAS PRÁCTICAS EN ACUICULTURA,8.94
ADMG1005       ,EMPRENDIMIENTO E INNOVACIÓN,8.25
ADMG1006       ,GESTIÓN DE PROYECTOS Y REGULACIÓN EN TELECOMUNICACIONES,7.97
ADMG1007       ,ESTRATEGIAS DE GESTIÓN,7.91
ADMG2022       ,ADMINISTRACIÓN DE OPERACIONES,7.70
ADMG2024       ,COMERCIO EXTERIOR,7.66
ADMG2025       ,COMPORTAMIENTO ORGANIZACIONAL,8.63
ADMG2026       ,DESARROLLO ORGANIZACIONAL,9.13
ADMG2028       ,ESTRATEGIAS CORPORATIVAS Y DE NEGOCIOS,7.74
ADMG2029       ,FUNDAMENTOS DE ADMINISTRACIÓN,8.24
ADMG2030       ,FUNDAMENTOS DE MARKETING,8.54
ADMG2031       ,MATERIA INTEGRADORA DE ADMINISTRACIÓN DE EMPRESAS,9.37
ADMG2032       ,GESTIÓN COMERCIAL,8.46
ADMG2033       ,GESTIÓN DE MARKETING,8.72
ADMG2034       ,GESTIÓN DE RECURSOS HUMANOS,8.54
ADMG2035       ,INVESTIGACIÓN DE MERCADOS,7.53
ADMG2036       ,PLANIFICACIÓN ESTRATÉGICA,8.43
ADMG2037       ,GESTIÓN DE PROYECTOS,8.66
ADMT3004       ,LIDERAZGO Y EMPRENDIMIENTO,8.67
ADMT3005       ,COMERCIO EXTERIOR,7.89
ADSG1019       ,CONTAMINACIÓN AMBIENTAL,8.52
ADSG1020       ,ECOLOGÍA ACUÁTICA,8.49
ADSG1021       ,ECOLOGÍA DE ECOSISTEMAS,8.78
ADSG1022       ,ECOLOGÍA GENERAL,8.36
ADSG1023       ,REMEDIACIÓN AMBIENTAL,9.55
ADSG1024       ,PRINCIPIOS DE ECOTOXICOLOGÍA,8.33
ADSG1025       ,"GESTIÓN DE CALIDAD, AMBIENTE Y SEGURIDAD EN LA INDUSTRIA",8.13
ADSG1026       ,CIENCIAS DE LA SOSTENIBILIDAD,8.17
ADSG1029       ,TRATAMIENTO DE AGUAS,7.94
ADST3002       ,CIENCIAS AMBIENTALES,8.64
AGRG1022       ,AGRICULTURA DE PRECISIÓN,7.54
AGRG1023       ,AGROECOSISTEMAS,8.22
AGRG1024       ,DIAGNÓSTICO Y PROTECCIÓN VEGETAL II,8.51
AGRG1025       ,DIAGNÓSTICO Y PROTECCIÓN VEGETAL I,8.14
AGRG1026       ,EDAFOLOGÍA,8.23
AGRG1027       ,FISIOLOGÍA VEGETAL,8.04
AGRG1028       ,GESTIÓN DE UNIDADES DE PRODUCCIÓN AGROPECUARIA,8.80
AGRG1029       ,MATERIA INTEGRADORA DE INGENIERÍA AGRÍCOLA Y BIOLÓGICA,9.60
AGRG1030       ,MECANIZACIÓN AGRÍCOLA,7.99
AGRG1032       ,PRODUCCIÓN VEGETAL I,8.34
AGRG1033       ,PRODUCCIÓN VEGETAL II,7.80
AGRG1035       ,RIEGO Y DRENAJE,7.86
AGRG1036       ,SILVICULTURA,6.60
AGRG1037       ,NUTRICIÓN VEGETAL,8.20
AGRG1038       ,PRODUCCIÓN PECUARIA II,8.14
AGRG1039       ,PRODUCCIÓN PECUARIA I,8.24
AGRG1040       ,PRODUCCIÓN VEGETAL III,7.88
AGRG1041       ,SEMILLEROS Y VIVEROS,7.12
ALIG1029       ,ANÁLISIS DE ALIMENTOS,8.28
ALIG1030       ,BIOQUÍMICA ALIMENTARIA,8.34
ALIG1031       ,CONTROL DE CALIDAD Y EVALUACIÓN SENSORIAL DE ALIMENTOS,7.66
ALIG1032       ,DESARROLLO DE NUEVOS PRODUCTOS ALIMENTICIOS,8.13
ALIG1033       ,DISEÑO DE PLANTAS ALIMENTARIAS,8.78
ALIG1034       ,DISEÑO DE PROCESOS TÉRMICOS I,7.53
ALIG1035       ,DISEÑO DE PROCESOS TÉRMICOS II,8.49
ALIG1036       ,FERMENTACIÓN Y ENZIMOLOGÍA ALIMENTARIA,8.32
ALIG1037       ,FUNDAMENTOS DE LA INGENIERÍA EN ALIMENTOS,7.53
ALIG1038       ,INGENIERÍA DE PROCESOS ALIMENTARIOS,8.24
ALIG1039       ,INOCUIDAD ALIMENTARIA,7.55
ALIG1040       ,MATERIA INTEGRADORA DE ALIMENTOS,9.08
ALIG1041       ,MICROBIOLOGÍA DE ALIMENTOS,6.88
ALIG1042       ,OPTIMIZACIÓN Y SIMULACIÓN DE PROCESOS ALIMENTARIOS,8.35
ALIG1043       ,PROCESAMIENTO DE FARINÁCEOS Y OLEAGINOSAS,8.56
ALIG1044       ,PROCESAMIENTO DE FRUTAS Y VEGETALES,8.33
ALIG1045       ,PROCESAMIENTO DE LÁCTEOS,8.18
ALIG1046       ,"PROCESAMIENTO DE CÁRNICOS, PESCADOS Y MARISCOS",8.16
ALIG1047       ,SANIDAD E HIGIENE ALIMENTARIA,7.66
ALIG1050       ,QUÍMICA ALIMENTARIA,7.70
ARQG2020       ,ANTROPOLOGÍA BIOLÓGICA,7.82
ARQG2021       ,ARQUEOLOGÍA DE MESOAMÉRICA,8.12
ARQG2022       ,BIOARQUEOLOGÍA,8.25
ARQG2023       ,PROYECTOS DE INVESTIGACIÓN ARQUEOLÓGICA,8.62
ARQG2024       ,MATERIA INTEGRADORA EN ARQUEOLOGÍA,9.00
ARQG2025       ,ARQUEOLOGÍA DEL ECUADOR II,7.68
ARQG2026       ,LABORATORIO DE ARQUEOLOGÍA II,8.63
ARQG2028       ,CAMPO DE ANTROPOLOGÍA SOCIOCULTURAL II,7.99
ARQG2029       ,LABORATORIO DE ARQUEOLOGÍA I,8.74
ARQG2030       ,CAMPO DE ARQUEOLOGÍA I,8.38
ARQG2031       ,ARQUEOLOGÍA ANDINOAMERICANA,7.57
ARQG2032       ,ARQUEOLOGÍA DE LAS TIERRAS BAJAS DE SUDAMÉRICA Y DEL CARIBE,7.90
ARQG2033       ,ARQUEOLOGÍA DEL ECUADOR I,7.95
ARQG2034       ,ARQUEOLOGÍA DEL VIEJO MUNDO,7.71
ARQG2035       ,ARQUEOLOGÍA SOCIAL LATINOAMERICANA,7.91
ARQG2036       ,CAMPO DE ANTROPOLOGÍA SOCIOCULTURAL I,7.92
ARQG2037       ,ORÍGENES DE LOS ESTADOS PREHISPÁNICOS,8.64
ARQG2038       ,PRIMER POBLAMIENTO AMERICANO,7.42
ARQG2039       ,TEORÍA ANTROPOLÓGICA Y ARQUEOLÓGICA,7.85
ARQG2040       ,GEOMÁTICA,8.31
ARQG2041       ,GEOGRAFÍA FÍSICA,8.08
ARQG2042       ,INTRODUCCIÓN A LA ANTROPOLOGÍA Y ARQUEOLOGÍA,8.09
ARQG2043       ,CAMPO DE ARQUEOLOGÍA II,8.63
ARTG2023       ,ARTE Y CIENCIA,8.70
ARTG2024       ,ARTE Y TECNOLOGÍA,8.68
ARTG2025       ,DIBUJO  I,8.24
ARTG2026       ,DIBUJO II,7.79
ARTG2028       ,HISTORIA DEL ARTE,8.04
ARTG2029       ,HISTORIA DEL CINE,7.53
ARTG2030       ,INVESTIGACIÓN AUDIOVISUAL,8.11
ARTG2032       ,TALLER DE ILUSTRACIÓN,8.40
ARTG2033       ,TÉCNICAS PICTÓRICAS,8.52
AUDG2026       ,AUDITORÍA DE SISTEMAS INTEGRADOS,9.70
AUDG2027       ,AUDITORÍA FINANCIERA I,8.89
AUDG2028       ,AUDITORÍA FINANCIERA II,8.29
AUDG2030       ,AUDITORÍA OPERACIONAL,7.86
AUDG2032       ,CONTABILIDAD AVANZADA,7.38
AUDG2033       ,CONTABILIDAD DE COSTOS,8.56
AUDG2034       ,CONTABILIDAD FINANCIERA,8.17
AUDG2035       ,CONTABILIDAD I,8.83
AUDG2036       ,CONTABILIDAD II,8.29
AUDG2037       ,CONTABILIDAD III,7.45
AUDG2038       ,CONTROL INTERNO,9.19
AUDG2039       ,FUNDAMENTOS DE AUDITORÍA,8.45
AUDG2040       ,MATERIA INTEGRADORA DE AUDITORÍA Y CONTROL DE GESTIÓN,9.74
AUDG2041       ,PRÁCTICA TRIBUTARIA,8.66
AUDG2042       ,SISTEMAS DE CONTROL DE GESTIÓN,9.64
AUDG2043       ,INTRODUCCIÓN A LAS TÉCNICAS DE AUDITORÍA,8.51
AUDG2044       ,GESTIÓN DE LA PRODUCTIVIDAD,8.58
BIOG1021       ,BIOLOGÍA CELULAR Y MOLECULAR,8.34
BIOG1022       ,BIOLOGÍA GENERAL,8.34
BIOG1023       ,FISIOLOGÍA ANIMAL,8.29
BIOG1024       ,BIOQUÍMICA,8.51
BIOG1025       ,INTRODUCCIÓN A LAS HERRAMIENTAS ÓMICAS,9.46
BIOG1026       ,INVESTIGACIÓN EN CIENCIAS DE LA VIDA,8.74
BIOG1027       ,MATERIA INTEGRADORA DE BIOLOGÍA,9.38
BIOG1028       ,MICROBIOLOGÍA GENERAL,8.38
BIOG1029       ,VIROLOGÍA,7.57
BIOG1030       ,BIOINFORMÁTICA,8.29
CADG2025       ,ANIMACIÓN I,7.70
CADG2026       ,ANIMACIÓN II,7.81
CADG2027       ,DIRECCIÓN AUDIOVISUAL,8.56
CADG2028       ,DIRECCIÓN ESCÉNICA,7.94
CADG2029       ,DISEÑO DE PRODUCCIÓN,8.39
CADG2030       ,EDICIÓN Y MONTAJE,8.30
CADG2031       ,FOTOGRAFÍA PARA MEDIOS,7.53
CADG2032       ,GUION,8.11
CADG2033       ,LEGISLACIÓN AUDIOVISUAL,7.19
CADG2034       ,NARRATIVA AUDIOVISUAL,9.09
CADG2035       ,POSTPRODUCCIÓN,8.56
CADG2036       ,PREPRODUCCIÓN,8.49
CADG2037       ,PRODUCCIÓN EJECUTIVA,7.17
CADG2038       ,PRODUCCIÓN PARA NUEVOS MEDIOS,8.11
CADG2039       ,PROYECTO AUDIOVISUAL I,8.40
CADG2040       ,PROYECTO AUDIOVISUAL II,8.40
CADG2042       ,DISEÑO DE SONIDO,7.30
CADG2043       ,MATERIA INTEGRADORA DE PRODUCCIÓN PARA MEDIOS DE COMUNICACIÓN,8.86
CADG2045       ,FOTOGRAFÍA DIGITAL,8.79
CADG2046       ,VIDEOGRAFÍA,7.66
CCAG1002       ,EXTENSIONISMO,9.07
CCAG2021       ,SEMIÓTICA,8.11
CCAG2022       ,ESTUDIO DE CASOS DE CIENCIAS SOCIALES,8.82
CCAG2023       ,SOCIOLOGÍA,8.62
CCPG1034       ,ESTRUCTURAS DE DATOS,7.63
CCPG1035       ,MATERIA INTEGRADORA DE COMPUTACIÓN,9.22
CCPG1036       ,ANÁLISIS DE ALGORITMOS,7.58
CCPG1039       ,COMPUTACIÓN Y SOCIEDAD,8.30
CCPG1041       ,DIRECCIÓN DE PROYECTOS INFORMÁTICOS,7.51
CCPG1042       ,DISEÑO DE SOFTWARE,7.69
CCPG1043       ,FUNDAMENTOS DE PROGRAMACIÓN,7.38
CCPG1044       ,INTELIGENCIA ARTIFICIAL,7.18
CCPG1046       ,INTERACCIÓN HUMANO COMPUTADOR,8.22
CCPG1048       ,METODOLOGÍA DE LA INVESTIGACIÓN EN COMPUTACIÓN,7.70
CCPG1049       ,ORGANIZACIÓN DE COMPUTADORES,8.13
CCPG1051       ,PROGRAMACIÓN DE SISTEMAS,7.68
CCPG1052       ,PROGRAMACIÓN ORIENTADA A OBJETOS,7.63
CCPG1053       ,SEGURIDAD DE LA INFORMACIÓN,9.10
CCPG1054       ,SISTEMAS DE INFORMACIÓN,8.30
CCPG1055       ,SISTEMAS DISTRIBUIDOS Y COMPUTACIÓN EN LA NUBE,8.42
CCPG1056       ,SISTEMAS OPERATIVOS,7.20
CCPG1058       ,SISTEMAS DE INFORMACIÓN APLICADOS A LOGÍSTICA,8.14
CCPG1059       ,AUDITORÍA DE SISTEMAS DE INFORMACIÓN,8.78
CCPG1801       ,FUNDAMENTOS DE PROGRAMACIÓN,7.31
CCPG1803       ,PROGRAMACIÓN ORIENTADA A OBJETOS,7.63
CCPT3003       ,OPERACIÓN DE COMPUTADORES,9.21
CCPT3004       ,FUNDAMENTOS DE COMPUTACIÓN,8.22
CIVG1034       ,ANÁLISIS ESTRUCTURAL,7.63
CIVG1035       ,DIBUJO TÉCNICO Y PLANOS,8.10
CIVG1036       ,DISEÑO DE PAVIMENTOS,8.09
CIVG1037       ,DISEÑO DE PUENTES,7.99
CIVG1038       ,DISEÑO DE VÍAS,7.63
CIVG1039       ,DISEÑO ESTRUCTURAL,7.92
CIVG1040       ,ESTRUCTURAS METÁLICAS,7.40
CIVG1041       ,GESTIÓN DE OBRAS CIVILES,8.95
CIVG1043       ,HIDROLOGÍA,7.82
CIVG1044       ,HIDRÁULICA,7.26
CIVG1045       ,HORMIGÓN ARMADO,7.72
CIVG1046       ,HORMIGÓN PREFORZADO,8.16
CIVG1047       ,HORMIGÓN Y MATERIALES DE CONSTRUCCIÓN,8.24
CIVG1049       ,INGENIERÍA DE CIMENTACIÓN,7.92
CIVG1050       ,INGENIERÍA DE LA CONSTRUCCIÓN,8.72
CIVG1053       ,INSTALACIONES,8.75
CIVG1054       ,MATERIA INTEGRADORA DE INGENIERÍA CIVIL,9.25
CIVG1055       ,POTABILIZACIÓN Y TRATAMIENTO DEL AGUA,7.97
CIVG1056       ,RESISTENCIA DE MATERIALES,7.51
CIVG1058       ,SISTEMAS DE RECOLECCIÓN Y DISTRIBUCIÓN DE AGUA,7.44
CIVG1059       ,TOPOGRAFÍA,8.60
CIVG1060       ,MECÁNICA DE SUELOS Y ROCAS,7.43
COMG2002       ,TEORÍA DE LA COMUNICACIÓN,7.72
DIGG2023       ,DIRECCIÓN DE ARTE,7.67
DIGG2025       ,DISEÑO DE INFORMACIÓN,7.70
DIGG2026       ,DISEÑO DE MARCA,8.45
DIGG2027       ,DISEÑO EDITORIAL,8.06
DIGG2028       ,DISEÑO ESTRATÉGICO,8.27
DIGG2029       ,DISEÑO GRÁFICO I,7.61
DIGG2030       ,DISEÑO GRÁFICO II,8.12
DIGG2031       ,DISEÑO GRÁFICO III,8.29
DIGG2032       ,DISEÑO GRÁFICO IV,8.22
DIGG2033       ,HISTORIA DEL DISEÑO,6.78
DIGG2034       ,MATERIA INTEGRADORA DE DISEÑO GRÁFICO,8.57
DIGG2035       ,PROYECTO DE DISEÑO,8.62
DIGG2036       ,TIPOGRAFÍA,7.65
DIGG2037       ,TÉCNICAS DE IMPRESIÓN,8.68
DIGG2039       ,REDACCIÓN CREATIVA,7.90
DIGG2040       ,ANTROPOLOGÍA DEL DISEÑO,6.69
DIGG2041       ,INVESTIGACIÓN APLICADA AL DISEÑO,7.73
DING2023       ,DISEÑO DE PRODUCTOS I,7.47
DING2024       ,DISEÑO DE PRODUCTOS II,7.48
DING2025       ,DISEÑO DE PRODUCTOS III,7.63
DING2026       ,DISEÑO DE PRODUCTOS IV,7.87
DING2027       ,DISEÑO DIGITAL,7.82
DING2028       ,ERGONOMÍA,8.17
DING2029       ,ESTRUCTURAS Y MECANISMOS I,7.10
DING2030       ,ESTRUCTURAS Y MECANISMOS II,7.05
DING2031       ,HISTORIA DEL DISEÑO INDUSTRIAL,7.67
DING2032       ,MATERIA INTEGRADORA DE DISEÑO DE PRODUCTOS,8.70
DING2033       ,MATERIALES Y MANUFACTURA I,7.23
DING2034       ,MATERIALES Y MANUFACTURA II,7.64
DING2035       ,MATERIALES Y MANUFACTURA III,8.62
DING2036       ,MODELADO TRIDIMENSIONAL,7.83
DING2037       ,PORTAFOLIO,8.28
DING2038       ,PROTOTIPADO AVANZADO,8.12
DING2039       ,TALLER DE DISEÑO I,8.32
DING2040       ,TALLER DE DISEÑO II,8.01
DING2041       ,TALLER DE DISEÑO III,8.36
DING2042       ,TALLER DE DISEÑO IV,8.27
DING2043       ,TEORÍA DEL DISEÑO,8.11
ECOG1008       ,PROYECTOS AGRÍCOLAS,8.57
ECOG1009       ,EVALUACIÓN DE PROYECTOS HIDROCARBURÍFEROS,8.23
ECOG2041       ,GESTIÓN DEL DISEÑO,8.50
ECOG2042       ,ANÁLISIS FINANCIERO,7.91
ECOG2043       ,CRECIMIENTO Y DESARROLLO ECONÓMICO,8.45
ECOG2044       ,ECONOMETRÍA I,8.03
ECOG2045       ,ECONOMETRÍA II,7.19
ECOG2046       ,ECONOMETRÍA III,7.32
ECOG2047       ,ECONOMÍA GERENCIAL,7.98
ECOG2049       ,ECONOMÍA MATEMÁTICA,8.02
ECOG2051       ,FINANZAS INTERNACIONALES,8.46
ECOG2053       ,MATERIA INTEGRADORA DE ECONOMÍA,8.74
ECOG2054       ,PRESUPUESTO,7.86
ECOG2055       ,FUNDAMENTOS DE INVERSIONES,8.64
ECOG2057       ,FORMULACION Y EVALUACIÓN SOCIAL DE PROYECTOS,7.57
ECOG2058       ,FORMULACIÓN Y EVALUACIÓN DE PROYECTOS,8.14
ECOG2059       ,MACROECONOMÍA III,8.40
ECOG2060       ,MICROECONOMÍA III,7.36
ECOG2061       ,MACROECONOMÍA II,8.38
ECOG2062       ,MICROECONOMÍA II,7.38
ECOG2063       ,MACROECONOMÍA I,8.70
ECOG2064       ,MICROECONOMÍA I,7.70
ECOG2065       ,GESTIÓN TRIBUTARIA,7.69
ECOG2066       ,PLANIFICACIÓN Y CONTROL FINANCIERO,7.69
ECOG2067       ,INTRODUCCIÓN A LA ECONOMÍA,7.76
ECOG2068       ,ORGANIZACIÓN INDUSTRIAL,7.40
ECOG2069       ,HISTORIA Y FILOSOFÍA DEL PENSAMIENTO ECONÓMICO,8.00
EDCOM00281     ,GESTIÓN Y CONTROL DE PROYECTOS,7.38
ELEG1028       ,ANÁLISIS DE REDES ELÉCTRICAS,6.88
ELEG1029       ,CENTRALES ELÉCTRICAS,7.37
ELEG1030       ,CIRCUITOS ELÉCTRICOS,6.99
ELEG1031       ,CONTROLES ELÉCTRICOS INDUSTRIALES,7.37
ELEG1032       ,DISTRIBUCIÓN ELÉCTRICA I,7.78
ELEG1033       ,DISTRIBUCIÓN ELÉCTRICA II,8.53
ELEG1034       ,ELECTRICIDAD BÁSICA,7.41
ELEG1035       ,ENERGÍAS RENOVABLES,7.46
ELEG1036       ,ESTABILIDAD Y CONTROL DE SISTEMAS DE POTENCIA,7.73
ELEG1037       ,GESTIÓN Y MARCO REGULATORIO DEL SECTOR ELÉCTRICO,8.18
ELEG1038       ,INSTALACIONES ELÉCTRICAS,8.39
ELEG1039       ,LÍNEAS DE TRANSMISIÓN Y SUBESTACIONES,8.25
ELEG1040       ,MAQUINARIA ELÉCTRICA I,7.50
ELEG1041       ,MAQUINARIA ELÉCTRICA II,7.28
ELEG1042       ,MATERIA INTEGRADORA DE ELECTRICIDAD,9.32
ELEG1043       ,MÁQUINAS Y TRANSFORMADORES,7.23
ELEG1044       ,OPERACIÓN DE SISTEMAS DE POTENCIA,6.62
ELEG1046       ,PLANIFICACIÓN DE SISTEMAS DE POTENCIA,7.78
ELEG1047       ,PROTECCIONES ELÉCTRICAS,6.98
ELEG1049       ,SISTEMAS DE POTENCIA I,7.57
ELEG1050       ,SISTEMAS DE POTENCIA II,7.67
ELEG1051       ,TEORÍA ELECTROMAGNÉTICA,7.19
ELET3001       ,INSTALACIONES ELÉCTRICAS DE BAJA TENSIÓN,9.01
ELET3002       ,MEDICIONES ELÉCTRICAS,8.96
ELET3003       ,CONTROLES ELÉCTRICOS,8.34
ELET3004       ,MÁQUINAS ELÉCTRICAS,8.43
ESTG1033       ,GEOESTADISTICA,8.48
ESTG1034       ,ESTADÍSTICA,7.13
ESTG1035       ,INTRODUCCIÓN A LA ESTADÍSTICA,8.26
ESTG1036       ,ESTADÍSTICA I,7.03
ESTG1037       ,ESTADÍSTICA II,7.25
ESTG1038       ,MEDIDA Y PROBABILIDAD,6.97
ESTG1039       ,ESTADÍSTICA MATEMÁTICA,7.02
ESTG1040       ,TÉCNICAS DE MUESTREO Y ANÁLISIS MULTIVARIADO,8.38
ESTG1041       ,MUESTREO,6.66
ESTG1042       ,ESTADÍSTICA MULTIVARIANTE,8.21
ESTG1043       ,CONTROL ESTADÍSTICO DE PROCESOS,9.11
ESTG1044       ,DATOS CATEGÓRICOS,9.16
ESTG1045       ,MODELOS ESTADÍSTICOS APLICADOS I,7.71
ESTG1046       ,MODELOS ESTADÍSTICOS APLICADOS II,7.97
ESTG1047       ,ESTADÍSTICA BAYESIANA,8.49
ESTG1048       ,PROCESOS ESTOCÁSTICOS,8.03
ESTG1049       ,INGENIERÍA DE DATOS,8.40
ESTG1050       ,DISEÑO DE EXPERIMENTOS,8.76
ESTG1051       ,SERIES DE TIEMPO,8.67
ESTG1052       ,ESTADÍSTICA COMPUTACIONAL,7.56
ESTG1054       ,MÉTODOS ROBUSTOS Y NO PARAMÉTRICOS,7.65
ESTG1055       ,APRENDIZAJE ESTADÍSTICO,8.25
ESTG1056       ,DATOS NO ESTRUCTURADOS,8.29
ESTG1057       ,SIMULACIÓN MATEMÁTICA,7.61
ESTG1062       ,MATERIA INTEGRADORA DE ESTADÍSTICA,9.84
ESTG1063       ,BIOESTADÍSTICA,8.28
ESTG2004       ,ESTADÍSTICA,7.13
ESTT3002       ,METROLOGÍA,8.85
ESTT3003       ,ESTADÍSTICA,8.63
EYAG1027       ,APLICACIONES ELECTRÓNICAS,6.98
EYAG1028       ,AUTOMATIZACIÓN DE PROCESOS INDUSTRIALES,8.69
EYAG1029       ,COMUNICACIONES INDUSTRIALES Y SISTEMAS SCADA,8.68
EYAG1030       ,CONTROL AVANZADO,7.26
EYAG1034       ,ELECTRÓNICA,7.27
EYAG1035       ,ELECTRÓNICA DE POTENCIA I,7.81
EYAG1036       ,ELECTRÓNICA DE POTENCIA II,8.34
EYAG1037       ,FUNDAMENTOS DE ELECTRICIDAD Y SISTEMAS DIGITALES,8.03
EYAG1038       ,INSTRUMENTACIÓN INDUSTRIAL,8.34
EYAG1039       ,MATERIA INTEGRADORA DE ELECTRÓNICA Y AUTOMATIZACIÓN,9.47
EYAG1040       ,PRINCIPIOS DE ELECTRÓNICA,6.97
EYAG1041       ,PROGRAMACIÓN APLICADA A LA AUTOMATIZACIÓN,7.71
EYAG1042       ,ROBÓTICA INDUSTRIAL,8.03
EYAG1043       ,SISTEMAS DE CONTROL,7.19
EYAG1044       ,SISTEMAS DIGITALES I,7.55
EYAG1045       ,SISTEMAS DIGITALES II,7.28
EYAG1046       ,SISTEMAS EMBEBIDOS,8.21
EYAT3001       ,INSTRUMENTACIÓN,8.44
EYAT3002       ,CONTROL DE POTENCIA,8.08
EYAT3003       ,CONTROLES INDUSTRIALES,9.12
EYAT3004       ,CONTROL PROGRAMABLE,8.18
FISG1005       ,FÍSICA: MECÁNICA,6.74
FISG1006       ,FÍSICA: ELECTRICIDAD Y MAGNETISMO,6.92
FISG1007       ,FÍSICA: ELECTRÓNICA Y ÓPTICA,7.48
FISG1008       ,FÍSICA: TERMODINÁMICA Y ELECTRÓNICA,7.25
FISG1009       ,FÍSICA: TERMODINÁMICA Y ÓPTICA,7.38
FISG2002       ,FÍSICA GENERAL,7.44
GEOG1026       ,DEPÓSITOS MINERALES,7.89
GEOG1027       ,DISEÑO DE CAMPO GEOLÓGICO,8.63
GEOG1028       ,ESTRATIGRAFIA Y SEDIMENTACIÓN,8.28
GEOG1029       ,EVALUACIÓN DE YACIMIENTOS MINERALES,8.52
GEOG1030       ,GEOLOGIA DE ECUADOR,8.74
GEOG1031       ,GEOLOGÍA DEL PETRÓLEO,8.89
GEOG1032       ,GEOLOGÍA ESTRUCTURAL,7.66
GEOG1033       ,GEOLOGÍA GENERAL,8.16
GEOG1034       ,GEOMORFOLOGIA,8.55
GEOG1035       ,GEOQUIMICA,8.71
GEOG1036       ,HIDROGEOLOGÍA,8.07
GEOG1037       ,INGENIERÍA GEOLÓGICA,8.18
GEOG1038       ,LEGISLACIÓN Y MITIGACIÓN AMBIENTAL,8.99
GEOG1039       ,MATERIA INTEGRADORA DE GEOLOGÍA,9.04
GEOG1040       ,MÉTODOS GEOFÍSICOS,8.10
GEOG1041       ,MINERALOGÍA,6.86
GEOG1042       ,MINERALOGÍA ÓPTICA,8.25
GEOG1044       ,PALEONTOLOGÍA APLICADA,8.41
GEOG1045       ,PETROLOGIA SEDIMENTARIA,7.67
GEOG1046       ,PETROLOGÍA ÍGNEA Y METAMÓRFICA,8.46
GEOG1047       ,SISTEMAS DE INFORMACIÓN GEOGRÁFICA,7.95
GEOG1048       ,TECTONICA,8.04
GEOG1050       ,VULNERABILIDAD Y RIESGO GEOLÓGICO,8.08
GEOG1051       ,MECÁNICA DE MATERIALES GEOLÓGICOS,8.08
GEOG1052       ,GEOLOGÍA PARA INGENIEROS EN PETRÓLEO,8.67
HISG2002       ,INTRODUCCIÓN A LA HISTORIA Y ETNOHISTORIA,8.15
IDIG1006       ,INGLÉS I,7.45
IDIG1007       ,INGLÉS II,7.46
IDIG1008       ,INGLÉS III,7.79
IDIG1009       ,INGLÉS IV,7.69
IDIG1010       ,INGLÉS V,7.57
IDIG1802       ,INGLÉS I,7.62
IDIG1806       ,INGLÉS II,6.97
IDIG2012       ,COMUNICACIÓN,8.16
IDIT3002       ,COMUNICACIÓN,8.90
IDIT3003       ,INGLÉS TÉCNICO I,8.46
IDIT3004       ,INGLÉS TÉCNICO II,9.75
INDG1033       ,ANÁLISIS Y RESOLUCIÓN DE PROBLEMAS,8.57
INDG1034       ,ANÁLISIS DE VALOR DE PRODUCTO,8.42
INDG1035       ,DISEÑO DE PLANTAS,7.90
INDG1037       ,GESTIÓN DE LA CADENA DE SUMINISTRO SOSTENIBLE,7.62
INDG1039       ,INGENIERÍA DE MÉTODOS,8.08
INDG1040       ,INTRODUCCIÓN A LA INGENIERÍA INDUSTRIAL,8.00
INDG1041       ,INVESTIGACIÓN DE OPERACIONES,7.47
INDG1042       ,LOGÍSTICA Y SERVICIO AL CLIENTE,7.64
INDG1043       ,MATERIA INTEGRADORA DE INGENIERÍA INDUSTRIAL,8.61
INDG1044       ,METODOLOGÍAS PARA LA MEJORA CONTINUA,8.12
INDG1045       ,MODELOS ESTOCÁSTICOS PARA MANUFACTURA Y SERVICIOS,7.78
INDG1046       ,MÉTODOS DE ANALÍTICA PARA LA INDUSTRIA,8.62
INDG1047       ,PLANIFICACIÓN DE LA PRODUCCIÓN,7.54
INDG1048       ,PROYECTOS INDUSTRIALES,8.30
INDG1051       ,PROGRAMACIÓN ENTERA PARA INGENIERÍA,7.67
INDG1052       ,SIMULACIÓN,8.03
INDG1053       ,SISTEMAS DE CONTROL DE PRODUCCIÓN,7.25
INDG1054       ,SEGURIDAD Y SALUD OCUPACIONAL,8.34
INDG1055       ,PROCESOS INDUSTRIALES,8.14
INDG1056       ,PRONÓSTICO Y CONTROL DE INVENTARIO,7.31
INDG1057       ,INGENIERÍA DE LA CALIDAD,7.95
INDG1058       ,SISTEMAS Y PROGRAMACIÓN DE PRODUCCIÓN,8.12
INDG1060       ,ADMINISTRACIÓN LOGÍSTICA,8.05
INDG1061       ,HSEQ EN LA INDUSTRIA HIDROCARBURÍFERA,9.22
INDG1801       ,ANÁLISIS Y RESOLUCIÓN DE PROBLEMAS,7.80
INDT3002       ,SEGURIDAD Y SALUD OCUPACIONAL,8.83
JURG2004       ,DERECHO ECONÓMICO,8.09
JURG2005       ,DERECHO SOCIETARIO Y LABORAL,8.90
JURG2006       ,DERECHO TRIBUTARIO,8.47
LOGG1016       ,TRANSPORTE MULTIMODAL,9.01
LOGG1017       ,LOGÍSTICA I,7.58
LOGG1018       ,LOGÍSTICA II,7.70
LOGG1019       ,SISTEMAS DE TRANSPORTE,7.88
LOGG1020       ,MODELIZACIÓN DEL TRANSPORTE,7.00
LOGG1021       ,GESTIÓN DE BODEGAS Y ABASTECIMIENTO,7.39
LOGG1022       ,TRANSPORTE URBANO,7.32
LOGG1023       ,PRESUPUESTOS Y PROYECTOS LOGÍSTICOS,7.80
LOGG1024       ,INGENIERÍA DE TRÁNSITO,7.11
LOGG1027       ,MATERIA INTEGRADORA DE LOGÍSTICA Y TRANSPORTE,8.71
LOGT3002       ,INGRESO Y SALIDA DE NAVES,9.26
LOGT3005       ,TRANSPORTE MULTIMODAL,8.71
LOGT3006       ,CIENCIAS NÁUTICAS,9.90
LOGT3007       ,SEGURIDAD MARÍTIMA,8.94
LOGT3009       ,GESTIÓN MARÍTIMA PORTUARIA,8.58
LOGT3010       ,TRANSPORTE MARÍTIMO,8.67
LOGT3011       ,OPERACIONES Y SERVICIOS PORTUARIOS,9.50
LOGT3012       ,TRÁFICO MARÍTIMO,7.54
LOGT3013       ,LOGÍSTICA PORTUARIA,8.59
LOGT3014       ,MATERIA INTEGRADORA DE TECNOLOGÍA EN LOGÍSTICA PORTUARIA,8.59
MATG1045       ,CÁLCULO DE UNA VARIABLE,7.05
MATG1046       ,CÁLCULO VECTORIAL,6.98
MATG1047       ,CÁLCULO DE VARIAS VARIABLES,7.22
MATG1048       ,ECUACIONES DIFERENCIALES Y ÁLGEBRA LINEAL,7.40
MATG1049       ,ÁLGEBRA LINEAL,6.96
MATG1050       ,ECUACIONES DIFERENCIALES,6.99
MATG1051       ,MATEMÁTICAS DISCRETAS,6.73
MATG1052       ,MÉTODOS NUMÉRICOS,7.87
MATG1053       ,MATEMÁTICA APLICADA A LA INGENIERÍA,7.37
MATG1054       ,MATEMÁTICAS SUPERIORES,7.53
MATG1055       ,MATEMÁTICAS AVANZADAS,8.40
MATG1056       ,INTRODUCCIÓN AL RAZONAMIENTO MATEMÁTICO,7.12
MATG1057       ,OPTIMIZACIÓN LINEAL,7.56
MATG1058       ,OPTIMIZACIÓN NUMÉRICA,7.43
MATG1059       ,OPTIMIZACIÓN COMBINATORIA,7.71
MATG1060       ,OPTIMIZACIÓN NO LINEAL Y ESTOCÁSTICA,8.49
MATG1061       ,METAHEURÍSTICAS,7.47
MATG1062       ,GEOMETRÍA AXIOMÁTICA,7.27
MATG1063       ,CÁLCULO I,7.36
MATG1064       ,CÁLCULO II,7.20
MATG1065       ,ANÁLISIS DISCRETO,7.27
MATG1066       ,ÁLGEBRA LINEAL I,7.15
MATG1067       ,ÁLGEBRA LINEAL II,7.94
MATG1068       ,ECUACIONES DIFERENCIALES I,7.25
MATG1069       ,ECUACIONES DIFERENCIALES II,8.08
MATG1070       ,ANÁLISIS MATEMÁTICO I,7.62
MATG1071       ,ANÁLISIS MATEMÁTICO II,7.49
MATG1072       ,FUNDAMENTOS DE OPTIMIZACIÓN,8.52
MATG1073       ,ESTRUCTURAS ALGEBRAICAS,7.15
MATG1074       ,TOPOLOGÍA,7.89
MATG1075       ,MÉTODOS MATEMÁTICOS PARA LAS CIENCIAS,8.00
MATG1076       ,ANÁLISIS NUMÉRICO,7.30
MATG1077       ,TEORÍA DE LA MEDIDA,7.20
MATG1078       ,ANÁLISIS COMPLEJO,6.75
MATG1079       ,ANÁLISIS FUNCIONAL,7.30
MATG1080       ,GEOMETRÍA DIFERENCIAL,8.21
MATG1082       ,ELEMENTOS DE COMPUTACIÓN CIENTÍFICA,8.25
MATG1086       ,MATERIA INTEGRADORA DE MATEMÁTICA,9.01
MATG1801       ,CÁLCULO DE UNA VARIABLE,6.83
MATG1802       ,CÁLCULO VECTORIAL,7.45
MATG1803       ,ÁLGEBRA LINEAL,6.81
MATG2007       ,MATEMÁTICAS,7.33
MATG2008       ,MATEMÁTICAS FINANCIERAS,6.93
MATG2009       ,MATEMÁTICAS,7.45
MATT3002       ,MATEMÁTICAS,7.63
MCTG1011       ,ACTUADORES MECATRÓNICOS,8.77
MCTG1012       ,DISEÑO DE ELEMENTOS DE MÁQUINAS,7.32
MCTG1013       ,DISEÑO MECATRÓNICO,7.64
MCTG1014       ,DISEÑO Y MANUFACTURA ASISTIDA POR COMPUTADORA,8.30
MCTG1015       ,DISEÑO Y SIMULACIÓN DE MÁQUINAS,8.32
MCTG1016       ,HIDRÁULICA Y NEUMÁTICA,8.71
MCTG1017       ,INTRODUCCIÓN A LA MANUFACTURA,8.11
MCTG1018       ,INTRODUCCIÓN A LA MECATRÓNICA,8.27
MCTG1019       ,SISTEMAS BIOMECATRÓNICOS,7.73
MCTG1020       ,SISTEMAS FLEXIBLES DE MANUFACTURA,7.90
MCTG1021       ,ROBOTS MÓVILES Y ARTICULADOS,7.78
MCTG1022       ,SISTEMAS DE MONITOREO Y CONTROL INDUSTRIAL,8.69
MCTG1028       ,MATERIA INTEGRADORA DE MECATRÓNICA,8.91
MCTT3011       ,OLEOHIDRÁULICA Y NEUMÁTICA,7.64
MCTT3014       ,MANTENIMIENTO,9.16
MCTT3015       ,MONTAJE,9.38
MCTT3017       ,MATERIA INTEGRADORA DE TECNOLOGÍA,8.89
MECG1041       ,DIBUJO PARA INGENIERÍA,7.73
MECG1042       ,DINÁMICA,7.22
MECG1043       ,DISEÑO DE SISTEMAS MECÁNICOS,7.66
MECG1044       ,DISEÑO DE SISTEMAS TERMOFLUIDOS,7.63
MECG1045       ,DISEÑO MECÁNICO,7.46
MECG1046       ,INSTRUMENTACIÓN,7.17
MECG1047       ,INTRODUCCIÓN A LA INGENIERÍA MECÁNICA,8.44
MECG1048       ,MANTENIMIENTO INDUSTRIAL,8.12
MECG1049       ,MECÁNICA DE FLUIDOS,7.31
MECG1050       ,MECÁNICA DE SÓLIDOS,7.35
MECG1051       ,MECÁNICA DE MAQUINARIA,7.02
MECG1052       ,MECÁNICA VECTORIAL,7.19
MECG1053       ,PROCESOS DE MANUFACTURA,7.07
MECG1054       ,TERMOFLUIDOS,7.58
MECG1055       ,SISTEMAS DE CONTROL APLICADOS,7.20
MECG1056       ,TURBOMAQUINARIA Y PLANTAS DE POTENCIA,6.98
MECG1057       ,PROCESOS DE MECANIZACIÓN,7.65
MECG1058       ,TRANSFERENCIA DE CALOR,7.12
MECG1059       ,TALLER MECÁNICO,8.06
MECG1060       ,ESTÁTICA,7.74
MECG1061       ,TERMODINÁMICA,7.70
MECG1064       ,TERMODINÁMICA I,7.70
MECG1065       ,TERMODINÁMICA II,7.27
MECG1066       ,MATERIA INTEGRADORA DE MECÁNICA,8.88
MECG1067       ,REOLOGÍA DE FLUIDOS,7.59
MECG1068       ,TRANSFERENCIA DE CALOR Y MASA,7.44
MECT3001       ,PROCESOS DE MANUFACTURA,8.33
MECT3002       ,ENSAMBLAJE,7.49
MECT3003       ,DIBUJO TÉCNICO,8.35
MECT3004       ,TALLER BÁSICO,8.06
MECT3005       ,ELEMENTOS DE MÁQUINAS,8.43
MEDG1015       ,BIOGEOGRAFÍA,9.57
MEDG1017       ,BOTÁNICA GENERAL,7.63
MEDG1018       ,BOTÁNICA SISTEMÁTICA,8.61
MEDG1019       ,EMBRIOLOGÍA,8.65
MEDG1020       ,ENTOMOLOGÍA,8.71
MEDG1021       ,EVOLUCIÓN,8.85
MEDG1022       ,GENOTECNIA,8.58
MEDG1023       ,GENÉTICA,9.61
MEDG1024       ,INMUNOLOGÍA,7.67
MEDG1025       ,ZOOLOGÍA DE VERTEBRADOS,8.93
MEDG1026       ,ZOOLOGÍA DE INVERTEBRADOS,8.61
MEDG2012       ,ANTROPOLOGÍA NUTRICIONAL,8.31
MEDG2013       ,ANÁLISIS NUTRICIONAL DE LOS ALIMENTOS,7.83
MEDG2014       ,CONSEJERÍA NUTRICIONAL,8.14
MEDG2015       ,EPIDEMIOLOGÍA Y SALUD PÚBLICA,9.32
MEDG2016       ,FARMACOLOGÍA Y NUTRICIÓN,8.52
MEDG2017       ,LEGISLACIÓN Y SOBERANÍA ALIMENTARIA,7.26
MEDG2018       ,MORFOFISIOLOGÍA HUMANA I,8.81
MEDG2019       ,MORFOFISIOLOGÍA HUMANA II,8.42
MEDG2020       ,SALUD COMUNITARIA,8.60
MING1023       ,AMBIENTE Y GESTIÓN DE RESIDUOS MINEROS,8.26
MING1024       ,EXPLOTACIÓN SUBTERRÁNEA,8.27
MING1025       ,FUNDAMENTOS DE MINERÍA,8.34
MING1026       ,GEOMÁTICA MINERA,7.58
MING1027       ,GEOTECNIA MINERA,7.59
MING1029       ,MINERALURGIA Y METALURGIA EXTRACTIVA,7.59
MING1030       ,PERFORACIÓN Y VOLADURA,8.69
MING1031       ,PLANEAMIENTO Y DISEÑO MINERO,8.08
MING1032       ,"VENTILACIÓN, DRENAJE Y SISTEMAS ELÉCTRICOS",8.47
MING1033       ,TOPOGRAFÍA MINERA,8.50
MING1034       ,GEOLOGÍA MINERA,8.64
MING1035       ,GEOMECÁNICA,7.75
MING1036       ,PETROGRAFÍA,8.83
MING1037       ,SEGURIDAD MINERA,8.60
MING1038       ,TECNOLOGÍA DE EQUIPAMIENTOS MINEROS,8.73
MING1039       ,MATERIA INTEGRADORA DE MINAS,9.16
MING1040       ,EXPLOTACIÓN A CIELO ABIERTO,8.61
MING1041       ,PREPARACIÓN MECÁNICA,7.15
MTRG1023       ,ANÁLISIS DE FALLAS Y SELECCIÓN DE MATERIALES,7.90
MTRG1024       ,CIENCIA E INGENIERÍA DE MATERIALES,7.66
MTRG1025       ,COMPORTAMIENTO MECÁNICO,7.24
MTRG1026       ,CORROSIÓN Y DEGRADACIÓN DE MATERIALES,7.30
MTRG1027       ,DISEÑO DE MATERIALES COMPUESTOS,7.77
MTRG1028       ,ESTRUCTURA Y CARACTERIZACIÓN DE MATERIALES,8.11
MTRG1029       ,INGENIERÍA DE CERÁMICOS,7.57
MTRG1030       ,INGENIERÍA DE METALES,7.76
MTRG1031       ,INGENIERÍA DE POLÍMEROS,8.77
MTRG1032       ,INTRODUCCIÓN A LA INGENIERÍA EN MATERIALES,7.81
MTRG1034       ,MATERIA INTEGRADORA DE MATERIALES,8.18
MTRG1036       ,SOLDADURA Y ENSAYOS NO DESTRUCTIVOS,7.83
MTRG1037       ,PROPIEDADES  FUNCIONALES DE LOS  MATERIALES,6.85
MTRG1038       ,SÍNTESIS DE MATERIALES,7.76
MTRG1039       ,TRANSFORMACIONES DE FASES,7.15
MTRG1040       ,TERMODINÁMICA DE MATERIALES,7.82
MTRG1041       ,NANOTECNOLOGÍA Y NANOMATERIALES,7.37
NAVG1025       ,CONSTRUCCIONES METÁLICAS DE BUQUES,7.82
NAVG1027       ,DINÁMICA DEL BUQUE,7.16
NAVG1028       ,DISEÑO DE BUQUES,7.01
NAVG1029       ,ELECTRICIDAD Y ELECTRÓNICA PARA BUQUES,8.98
NAVG1030       ,ESTABILIDAD DEL BUQUE,6.75
NAVG1031       ,ESTRUCTURA DEL BUQUE,6.75
NAVG1032       ,FORMAS E HIDROSTÁTICA DEL BUQUE,6.87
NAVG1033       ,GESTIÓN MARÍTIMA PORTUARIA,6.83
NAVG1034       ,MATERIA INTEGRADORA DE INGENIERÍA NAVAL,9.26
NAVG1035       ,TRANSPORTE MARÍTIMO,8.03
NAVG1037       ,MAQUINARIA MARÍTIMA II,7.21
NAVG1038       ,RESISTENCIA Y PROPULSIÓN DE BUQUES,6.98
NAVG1039       ,MAQUINARIA MARÍTIMA I,7.52
NAVG1040       ,MATERIALES EN MEDIOS MARINOS,7.49
NAVG1041       ,VIBRACIONES MECÁNICAS,6.95
NAVG1042       ,ELEMENTOS FINITOS,7.26
NAVT3001       ,SISTEMAS PORTUARIOS,7.20
NAVT3002       ,INTRODUCCIÓN A LA LOGÍSTICA PORTUARIA,7.85
NAVT3003       ,ESTRUCTURA DE BUQUES,9.07
NUTG2026       ,BIOÉTICA,8.71
NUTG2027       ,DIETOTERAPIA AVANZADA,8.49
NUTG2028       ,DIETOTERAPIA BÁSICA,8.83
NUTG2029       ,EVALUACIÓN DEL ESTADO NUTRICIONAL I,8.37
NUTG2030       ,EVALUACIÓN DEL ESTADO NUTRICIONAL II,8.14
NUTG2031       ,MATERIA INTEGRADORA DE NUTRICIÓN Y DIETÉTICA,8.92
NUTG2032       ,NUTRICIÓN CLÍNICA I,7.64
NUTG2033       ,NUTRICIÓN CLÍNICA II,7.92
NUTG2034       ,NUTRICIÓN CLÍNICA III,8.82
NUTG2035       ,NUTRICIÓN DEPORTIVA,8.09
NUTG2036       ,NUTRICIÓN EN EL CICLO DE LA VIDA I,7.68
NUTG2037       ,NUTRICIÓN EN EL CICLO DE LA VIDA II,8.06
NUTG2038       ,TENDENCIAS EN NUTRICIÓN,8.97
NUTG2039       ,SERVICIOS DE ALIMENTACIÓN,7.50
NUTG2040       ,TOXICOLOGÍA NUTRICIONAL Y ALIMENTARIA,8.73
NUTG2041       ,NUTRICIÓN HUMANA Y METABOLISMO,8.33
NUTG2042       ,TÉCNICAS DIETÉTICAS,7.39
NUTG2043       ,TÉCNICAS CULINARIAS,7.51
OCEG1028       ,ANÁLISIS DE INFORMACIÓN OCEANOGRÁFICA,8.30
OCEG1029       ,BIOGEOQUÍMICA MARINA,7.87
OCEG1030       ,CLIMATOLOGÍA Y METEOROLOGÍA,7.55
OCEG1031       ,CONSTRUCCIÓN DE OBRAS PORTUARIAS,8.43
OCEG1032       ,CONTAMINACIÓN MARINA,8.49
OCEG1033       ,DIMENSIONAMIENTO PORTUARIO,8.56
OCEG1034       ,DISEÑO COSTERO,8.14
OCEG1035       ,FUNDAMENTOS DE INGENIERÍA OCEANOGRÁFICA,7.91
OCEG1036       ,GEOLOGÍA MARINA,8.75
OCEG1037       ,GESTIÓN DE DRAGADOS,7.45
OCEG1038       ,GESTIÓN DE ZONAS MARINO-COSTERAS,7.96
OCEG1039       ,IMPACTO AMBIENTAL MARINO-COSTERO,8.20
OCEG1040       ,PLANIFICACIÓN DE DRAGADOS,7.29
OCEG1043       ,MATERIA INTEGRADORA DE OCEANOGRAFÍA,9.24
OCEG1044       ,TÉCNICAS DE MANEJO COSTERO,8.10
OCEG1045       ,PLANIFICACIÓN Y CONSTRUCCIÓN,6.87
OCEG1046       ,PROCESOS ESTUARINOS,7.90
OCEG1047       ,MODELAJE COSTERO,8.21
OCEG1048       ,OCEANOGRAFÍA COSTERA,7.22
OCEG1049       ,ONDAS MARINAS,7.96
OCEG1050       ,OCEANOGRAFÍA FÍSICA,7.84
OCEG1051       ,OCEANOGRAFÍA DESCRIPTIVA,7.89
OCET3002       ,OCEANOGRAFÍA,8.10
PETG1020       ,COMPLETACIÓN Y REACONDICIONAMIENTO DE POZOS,8.00
PETG1021       ,INGENIERÍA DE PRODUCCIÓN I,8.09
PETG1022       ,INGENIERÍA DE PRODUCCIÓN II,8.14
PETG1023       ,INGENIERÍA DE YACIMIENTOS I,7.30
PETG1024       ,INGENIERÍA DE YACIMIENTOS II,7.41
PETG1025       ,PERFORACIÓN,8.12
PETG1026       ,PERFORACIÓN DIRECCIONAL,8.78
PETG1027       ,PETROFÍSICA,7.33
PETG1028       ,SIMULACIÓN DE RESERVORIOS,7.64
PETG1030       ,EVALUACIÓN DE FORMACIONES I,7.87
PETG1031       ,PROPIEDADES DE HIDROCARBUROS Y COMPORTAMIENTO DE FASES,8.54
PETG1032       ,INTRODUCCIÓN A LA INDUSTRIA HIDROCARBURÍFERA,8.69
PETG1033       ,MATERIA INTEGRADORA PARA PETRÓLEOS,9.55
PETG1034       ,EVALUACIÓN DE FORMACIONES II,7.85
QUIG1032       ,QUÍMICA GENERAL,7.13
QUIG1033       ,QUÍMICA INORGÁNICA,7.92
QUIG1034       ,FISICOQUÍMICA,7.92
QUIG1035       ,QUÍMICA ORGÁNICA,7.55
QUIG1036       ,QUÍMICA ORGÁNICA I,7.33
QUIG1037       ,BALANCE DE MATERIA Y ENERGÍA,6.87
QUIG1038       ,QUÍMICA ORGÁNICA II,7.58
QUIG1039       ,FENÓMENOS DE TRANSPORTE DE MOMENTUM,7.48
QUIG1040       ,QUÍMICA ANALÍTICA E INSTRUMENTAL,7.44
QUIG1041       ,FENÓMENOS DE TRANSPORTE DE CALOR,7.55
QUIG1042       ,FENÓMENOS DE TRANSPORTE DE MASA,7.19
QUIG1043       ,CINÉTICA Y REACTORES,7.28
QUIG1044       ,OPERACIONES UNITARIAS I,7.40
QUIG1045       ,OPERACIONES UNITARIAS II,7.53
QUIG1046       ,DINÁMICA DE PROCESOS Y CONTROL,7.49
QUIG1047       ,DISEÑO DE PLANTAS,7.72
QUIG1050       ,MATERIA INTEGRADORA DE INGENIERÍA QUÍMICA,8.97
SOFG1006       ,DESARROLLO DE APLICACIONES WEB Y MÓVILES,8.07
SOFG1007       ,INGENIERÍA DE SOFTWARE I,8.11
SOFG1008       ,INGENIERÍA DE SOFTWARE II,7.89
SOFG1009       ,LENGUAJES DE PROGRAMACIÓN,8.12
TELG1027       ,CIRCUITOS DE ALTA FRECUENCIA Y MICROONDAS,7.22
TELG1028       ,COMUNICACIONES INALÁMBRICAS,7.42
TELG1029       ,DISEÑO DE APLICACIONES EN TELECOMUNICACIONES,8.06
TELG1030       ,DISEÑO DE REDES CONMUTADAS,7.39
TELG1031       ,FIBRAS ÓPTICAS,8.31
TELG1032       ,INTRODUCCIÓN A LAS TELECOMUNICACIONES,7.43
TELG1033       ,MATERIA INTEGRADORA DE TELECOMUNICACIONES,9.13
TELG1034       ,PROCESAMIENTO DIGITAL DE SEÑALES,8.13
TELG1035       ,PROPAGACIÓN,7.63
TELG1037       ,SEÑALES Y SISTEMAS,7.20
TELG1038       ,SISTEMAS DE COMUNICACIONES I,7.09
TELG1039       ,SISTEMAS DE COMUNICACIONES II,7.36
TELG1040       ,SISTEMAS DE REDES,8.19
TELG1042       ,TRANSMISIÓN DE SERVICIOS MULTIMEDIA,7.87
TICG1018       ,SISTEMA DE BASES DE DATOS,7.34
TICG1802       ,SISTEMA DE BASES DE DATOS,8.25
TLMG1022       ,ADMINISTRACIÓN DE SISTEMAS Y SERVICIOS EN RED,7.61
TLMG1025       ,CALIDAD DE SERVICIO Y REDES MULTIMEDIA,8.31
TLMG1026       ,CIBERSEGURIDAD Y GESTIÓN DE REDES,8.48
TLMG1027       ,COMUNICACIÓN DIGITAL DE DATOS,7.85
TLMG1028       ,EVALUACIÓN Y SIMULACIÓN DE REDES,7.27
TLMG1029       ,GESTIÓN DE INFRAESTRUCTURA Y SERVICIOS TI,8.70
TLMG1030       ,INTERNETWORKING,7.77
TLMG1031       ,MATERIA INTEGRADORA DE TELEMÁTICA,9.11
TLMG1032       ,REDES DE DATOS,8.13
TLMG1033       ,REDES INALÁMBRICAS Y DE SENSORES,8.14
TLMG1034       ,SISTEMAS EN LA NUBE,7.64
TLMG1035       ,TELEMETRÍA Y SISTEMAS CIBERFÍSICOS,8.09
TLMG1036       ,TELEMÁTICA Y TRANSFORMACIÓN DIGITAL,7.83
TLMG1037       ,PROGRAMACIÓN DE SISTEMAS TELEMÁTICOS,8.25
TURG2018       ,AGENCIAS DE VIAJE,8.01
TURG2019       ,ALIMENTOS Y BEBIDAS,7.65
TURG2020       ,CONGRESOS Y EVENTOS,9.05
TURG2021       ,CONSERVACIÓN Y MANEJO AMBIENTAL EN TURISMO,8.59
TURG2022       ,DERECHO TURÍSTICO Y AMBIENTAL,7.94
TURG2023       ,DESARROLLO SOSTENIBLE DEL TURISMO,8.67
TURG2024       ,FUNDAMENTOS DE PLANIFICACIÓN TURÍSTICA,6.76
TURG2029       ,MATERIA INTEGRADORA DE TURISMO,9.01
TURG2030       ,GESTIÓN HOTELERA,8.19
TURG2031       ,MARKETING TURÍSTICO,7.55
TURG2032       ,MÉTODOS DE INVESTIGACIÓN EN TURISMO,7.85
TURG2033       ,PLANIFICACIÓN DE ESPACIOS TURÍSTICOS,7.64
TURG2034       ,PATRIMONIO NATURAL Y CULTURAL,8.22
TURG2035       ,GEOGRAFÍA TURÍSTICA,6.87
TURG2036       ,TEORÍA DEL TURISMO,7.84
TURG2037       ,OPERACIÓN TURÍSTICA,8.07
